{
    "cv_accuracies": [
        0.8095238095238095,
        0.746031746031746,
        0.5714285714285714,
        0.9206349206349206,
        0.7258064516129032
    ],
    "mean_cv_accuracy": 0.7546850998463901,
    "std_cv_accuracy": 0.11405125090292992
}