{
    "cv_accuracies": [
        0.7936507936507936,
        0.7301587301587301,
        0.6031746031746031,
        0.873015873015873,
        0.7258064516129032
    ],
    "mean_cv_accuracy": 0.7451612903225806,
    "std_cv_accuracy": 0.08883460155693605
}