{
    "cv_accuracies": [
        0.7936507936507936,
        0.6825396825396826,
        0.5714285714285714,
        0.873015873015873,
        0.7258064516129032
    ],
    "mean_cv_accuracy": 0.7292882744495648,
    "std_cv_accuracy": 0.10189935842905512
}